model,query_id,query,response_time,relevance_score,response_length,response
llama3:8b,1,What are common indicators of phishing emails?,9.945223808288574,0.3888888888888889,1436,"As a cybersecurity expert specializing in phishing detection, I can tell you that common indicators of phishing emails include:

1. Urgency to take action: Phishing emails often create a sense of urgency, trying to prompt the recipient into taking some sort of action (e.g., ""Your account will be closed if you don't update your password within the next hour"").
2. Suspicious links or attachments: Phishing emails may contain links that seem legitimate but actually lead to malicious websites or attachments that can download malware.
3. Poor grammar and spelling: Legitimate companies usually have a professional tone in their communications, so poor grammar and spelling may indicate a phishing attempt.
4. Unfamiliar sender: If you don't recognize the sender's name or email address, it could be a red flag.
5. Generic greetings: Phishing emails often use generic greetings like ""Dear user"" instead of addressing you by your actual name.
6. Overly formal language: Scammers may try to sound overly formal or official in their emails, which can raise suspicions.
7. Threats or warnings: Phishing emails might claim that your account has been compromised or that you need to take immediate action to avoid consequences.

It's essential to be cautious and verify the authenticity of an email before taking any action. If you're unsure about a particular email, it's always best to err on the side of caution and report it as suspicious."
llama3:8b,2,How can organizations prevent phishing attacks?,11.87437105178833,0.21052631578947367,1919,"As a cybersecurity expert specializing in phishing detection, I'd like to emphasize that preventing phishing attacks requires a multi-layered approach. Here are some effective ways organizations can protect themselves:

1. **Employee Education**: Train employees on how to identify and avoid phishing emails, phone calls, and texts. This includes being aware of common tactics, such as urgency, misspellings, and generic greetings.
2. **Security Awareness Programs**: Implement security awareness programs that simulate phishing attacks and provide feedback to employees on their responses.
3. **Email Filtering**: Use email filtering tools that can detect and block suspicious emails, including those with malicious attachments or URLs.
4. **Two-Factor Authentication**: Require two-factor authentication (2FA) for all users to ensure that even if a password is compromised, the attacker won't be able to gain access without the 2FA token.
5. **Phishing Detection Tools**: Utilize phishing detection tools that can analyze emails, URLs, and attachments in real-time to detect potential threats.
6. **Regular Software Updates**: Ensure all software, including operating systems, browsers, and plugins, are up-to-date with the latest security patches.
7. **Network Segmentation**: Segment your network to limit the spread of malware in case of a successful attack.
8. **Monitoring**: Continuously monitor user behavior and system logs for suspicious activity.
9. **Incident Response Planning**: Develop an incident response plan that outlines procedures for responding to and containing phishing attacks.
10. **Security Information and Event Management (SIEM) Systems**: Implement SIEM systems that collect, monitor, and analyze security-related data from various sources to detect potential threats.

By implementing these measures, organizations can significantly reduce the risk of falling victim to phishing attacks."
llama3:8b,3,What was the Google Docs phishing attack?,4.059880018234253,0.5357142857142857,546,"The Google Docs phishing attack, also known as the ""Google Docs Worm,"" was a sophisticated email-based phishing attack that sent victims an email claiming someone they knew had shared a Google Doc. When users clicked the link and authorized what appeared to be Google Docs, they actually gave access to a third-party app named ""Google Docs"" which then harvested their contacts and forwarded the phishing email to everyone in their address book. This attack affected approximately one million Gmail users before Google shut it down within an hour."
llama3:8b,4,What is spear phishing and how does it differ from regular phishing?,6.401138782501221,0.5714285714285714,1054,"Spear phishing is a type of phishing attack that targets specific individuals or organizations, often based on prior knowledge of the victim's identity or characteristics. This differs from regular phishing attacks, which typically use broad, unsolicited emails to catch unsuspecting victims.

In spear phishing, attackers usually conduct thorough research on their target, gathering information about their interests, job title, company, or other identifying factors. This helps them craft a more convincing and personalized message that appears to come from someone the victim trusts. The goal is often to trick the individual into divulging sensitive information or performing an action that benefits the attacker.

Spear phishing attacks are often more sophisticated and targeted than regular phishing attempts, making them more difficult to detect and respond to. They can be particularly effective because they tap into the human tendency to trust familiar names and faces, making it easier for attackers to manipulate victims into taking the bait."
llama3:8b,5,What techniques do phishers use to create urgency?,7.988222360610962,0.36363636363636365,1177,"Based on the context, specifically the Real-world phishing example: The Gmail/Google Docs Worm (2017), I can identify some common techniques used by phishers to create a sense of urgency:

1. **Time-sensitivity**: Phishers might claim that the victim needs to take immediate action, such as updating their account information or verifying their identity, within a specific time frame.
2. **Limited-time offers**: Attackers might pretend to offer exclusive deals, promotions, or limited-time opportunities to create a sense of FOMO (fear of missing out).
3. **Sense of responsibility**: Phishers may try to make the victim feel responsible for taking action quickly, such as by claiming that their account has been compromised or that there's an issue with their personal information.
4. **Fear-mongering**: Attackers might exploit fear or anxiety by creating a sense of urgency around sensitive topics like security breaches, identity theft, or financial losses.

These tactics aim to create a false sense of urgency, encouraging victims to act quickly without fully thinking through the situation, which can increase the likelihood of them falling prey to the phishing attack."
gemma:7b,1,What are common indicators of phishing emails?,8.304171323776245,0.5,652,"Common indicators of phishing emails include:

1. Urgency: Creating a sense of urgency or fear to prompt immediate action.
2. Poor spelling and grammar: Often a sign of unprofessional or fraudulent emails.
3. Mismatched or suspicious URLs: The visible text might show a legitimate site, but hovering over it reveals a different URL.
4. Generic greetings: Like ""Dear Customer"" instead of your name.
5. Requests for personal information: Legitimate organizations typically don't ask for sensitive information via email.
6. Suspicious attachments: These may contain malware.
7. Too good to be true offers: If it sounds too good to be true, it probably is."
gemma:7b,2,How can organizations prevent phishing attacks?,6.898608922958374,0.15789473684210525,658,"Organizations can prevent phishing attacks by:

* **Educating employees:** Training employees to recognize and avoid phishing emails through awareness campaigns and phishing simulations.
* **Implementing technical controls:** Using email filters and spam detection software to block suspicious emails.
* **Verifying sender identity:** Implementing measures to verify the authenticity of email senders and domains.
* **Enforcing strong authentication practices:** Requiring multi-factor authentication for accounts and access to sensitive data.
* **Developing incident response plans:** Creating a plan to respond to phishing attacks promptly and effectively."
gemma:7b,3,What was the Google Docs phishing attack?,3.915975332260132,0.4642857142857143,351,"The Google Docs phishing attack was a sophisticated email campaign that used social engineering tactics to deceive Gmail users into granting access to a third-party app posing as Google Docs. The attackers tricked victims into authorizing the app, which then harvested their contacts and forwarded the phishing email to everyone in their address book."
gemma:7b,4,What is spear phishing and how does it differ from regular phishing?,4.692204236984253,0.47619047619047616,450,"**Spear phishing** is a targeted phishing attack against specific individuals or companies. Unlike regular phishing, which involves sending fraudulent emails to a broad audience, spear phishing emails are highly personalized and tailored to the recipient's interests, job titles, or company information. Attackers often conduct thorough research to gather sensitive information about their targets, making these attacks more believable and effective."
gemma:7b,5,What techniques do phishers use to create urgency?,6.804288387298584,0.22727272727272727,551,"Phishers use various techniques to create urgency in their emails:

* **Creating a sense of fear or panic:** By highlighting potential consequences like data loss, account suspension, or financial loss.
* **Using limited-time offers:** Suggesting that an opportunity is available only for a short period of time.
* **Emphasizing immediate action:** Instructing users to take action right away to avoid negative consequences.
* **Using language that creates a sense of urgency:** Phrases like ""urgent,"" ""critical,"" or ""limited time"" are often employed."
mistral:7b,1,What are common indicators of phishing emails?,14.471576690673828,0.3333333333333333,2036,"1. Suspicious or odd email addresses: Look for inconsistencies in the sender's email address, such as misspellings, extra characters, or generic email domains (e.g., [gmail@example.com](mailto:gmail@example.com) instead of a more specific domain associated with a company).

2. Sense of urgency or threats: Phishing emails often try to create a sense of panic by threatening to close an account, suspend services, or demand immediate action due to an issue.

3. Poor grammar, spelling mistakes, and unprofessional language: Legitimate companies usually have high standards for their correspondence and will typically have well-written and grammatically correct emails.

4. Request for personal information: Phishing emails often ask for sensitive information such as passwords, credit card numbers, or other personal details. Be wary of any email that asks you to confirm or provide this type of information.

5. Links and attachments: Avoid clicking on links or downloading attachments from unknown senders, as they may lead to malware or phishing sites.

6. Misspelled, incorrect, or unusual company logos: Look for inconsistencies in the design and layout of the email, such as misspellings, incorrect company logos, or unusual fonts or colors that aren't typically used by the company.

7. Email from unexpected sources: Be cautious about emails you weren't expecting to receive, especially from people or companies with which you don't have an established relationship.

8. Request for action on behalf of someone else: Phishing emails often claim to be sent on behalf of someone else, such as a friend, family member, coworker, or even government official, asking you to take some action (e.g., verify your account information, click on a link, etc.) on their behalf.

9. Spoofed email addresses: Attackers can easily spoof email addresses to make them appear as if they are from a trusted sender. Pay attention to the entire email address, including any subdomains or extra characters that might indicate it's a phishing attempt."
mistral:7b,2,How can organizations prevent phishing attacks?,12.197320938110352,0.3157894736842105,1818," Organizations can take several measures to prevent phishing attacks, including:

1. Employee Training: Regularly educate employees about the signs of a phishing attack and how to avoid them. This includes teaching them not to click on suspicious links or download attachments from unknown sources.

2. Use Spam Filters: Implement strong spam filters to block known phishing emails before they reach employees' inboxes.

3. Two-Factor Authentication (2FA): Implement 2FA for all accounts where possible. This adds an extra layer of security and makes it harder for attackers to gain access even if a password is compromised.

4. Email Verification: Implement email verification systems to ensure that emails are actually coming from who they claim to be coming from.

5. Secure Networks: Ensure networks are secure, with strong firewalls and intrusion detection systems in place to block malicious traffic.

6. Regular Updates: Keep all systems, software, and apps up-to-date with the latest security patches. This reduces vulnerabilities that could be exploited by phishing attacks.

7. Use Anti-Phishing Software: Implement anti-phishing software that can detect and block phishing emails based on known phishing patterns and behavior.

8. Incident Response Plan: Have a plan in place for responding to a phishing attack if one occurs, including steps to isolate affected systems and prevent further spread of the attack.

9. Regular Audits: Regularly audit systems and networks for vulnerabilities and weaknesses that could be exploited by phishing attacks.

10. Monitor User Activity: Monitor user activity for signs of unusual or suspicious behavior, which could indicate a phishing attack.

By implementing these measures, organizations can significantly reduce their risk of falling victim to a phishing attack."
mistral:7b,3,What was the Google Docs phishing attack?,3.8336002826690674,0.5357142857142857,535," The Google Docs phishing attack was an instance of Email Phishing, specifically a sophisticated form known as Spear Phishing, where the attacker impersonated someone known to the victim and targeted Gmail users. The attack used social engineering techniques to trick victims into authorizing a third-party app named ""Google Docs,"" which actually harvested their contacts and spread the phishing email further. This particular example affected approximately one million Gmail users before Google managed to shut it down within an hour."
mistral:7b,4,What is spear phishing and how does it differ from regular phishing?,6.286640405654907,0.47619047619047616,950," Spear phishing is a targeted type of phishing attack in which the attacker seeks to trick a specific individual or organization by crafting an email that appears as if it comes from someone they know or trust, containing information personalized to that recipient. This makes the email more convincing and harder for the intended victim to recognize it as fraudulent.

This differs from regular phishing in terms of its level of specificity and personalization. While general phishing emails are sent out en masse to a large number of people, spear phishing is directed at a select few individuals with a higher degree of detail and information relevant to the victim's interests or role within an organization.

Examples of spear phishing include impersonating a coworker, a friend, or even a family member to trick the recipient into revealing sensitive information or clicking on a malicious link that could compromise their system or steal data."
mistral:7b,5,What techniques do phishers use to create urgency?,9.4212064743042,0.45454545454545453,1308," Phishers often create a sense of urgency by using tactics such as:

1. Time-Sensitive Threats: They may claim that the recipient's account will be suspended, their credit card information revoked, or some other negative consequence if they don't act immediately.

2. Scarcity and Exclusivity: Phishers might send messages claiming to offer exclusive deals, discounts, or prizes that are only available for a limited time or to a select few, encouraging the recipient to click on the link without thinking carefully about the potential risks.

3. False Sense of Urgency in Responding to Requests: Phishing emails might claim that they need immediate assistance with an issue, such as asking for help in resolving a problem with the recipient's account.

4. Fear and Panic: Some phishing messages aim to instill fear or panic in the recipient, making them more likely to act impulsively and disregard potential warning signs. This could involve claiming that there is a security issue with the recipient's account or that legal action will be taken if they do not comply promptly.

5. Social Proof: Phishers might use social proof techniques, such as impersonating well-known organizations or people, to make their messages seem more legitimate and trustworthy, increasing the sense of urgency to act quickly."
